Grid_Numbe,Longitude,Latitude,2025–2049,2050–2074,2075–2100
Grid_1,81.5,18,342477,371436,347121
Grid_2,81.75,18,389237,422117,394482
Grid_3,82.25,18,589152,639802,599808
Grid_4,81.75,18,377613,410218,382681
Grid_5,82,18,427269,461349,428253
Grid_6,82.25,18,445884,480698,445502
Grid_7,82,18,486725,526592,488954
Grid_8,82.25,18,587970,636992,593295
Grid_9,82.75,18,845910,925031,875931
Grid_10,83,18,1190180,1305820,1241530
Grid_11,82.25,19,660795,715334,664302
Grid_12,82.5,19,663279,721719,676196
Grid_13,82.75,19,664307,724183,680794
Grid_14,83,19,1026250,1116190,1047020
Grid_15,82.25,19,707791,770538,719979
Grid_16,82.5,19,726303,790258,738926
Grid_17,82.75,19,774126,841932,787856
Grid_18,83,19,836982,907952,848665
Grid_19,83.25,19,873144,946425,884675
Grid_20,83.75,19,868002,939885,877377
Grid_21,84,19,893802,968851,907281
Grid_22,84.25,19,881733,958650,902588
Grid_23,82.25,19,822906,900240,845088
Grid_24,82.5,19,793143,863787,807576
Grid_25,82.75,19,810059,881494,823387
Grid_26,83,19,679062,733570,682913
Grid_27,83.25,19,610208,656476,609895
Grid_28,83.5,19,605595,650265,601069
Grid_29,83.75,19,550824,590316,544662
Grid_30,84,19,702046,752566,696550
Grid_31,84.25,19,674082,718391,661234
Grid_32,84.5,19,1519770,1692420,1649440
Grid_33,84.75,19,1972160,2210600,2173850
Grid_34,82.25,20,749419,817012,764332
Grid_35,82.5,20,794358,863978,806552
Grid_36,82.75,20,818386,888721,828817
Grid_37,83,20,714138,772429,718815
Grid_38,83.25,20,649632,700054,649580
Grid_39,83.5,20,575813,617995,570818
Grid_40,83.75,20,540875,579017,533410
Grid_41,84,20,658992,710255,661015
Grid_42,84.25,20,753371,816624,766110
Grid_43,84.5,20,1109450,1221260,1168870
Grid_44,84.75,20,1213120,1339650,1287120
Grid_45,85,20,838105,917345,871632
Grid_46,82.25,20,727296,793808,743203
Grid_47,82.5,20,857725,931984,868787
Grid_48,82.75,20,946625,1028710,958714
Grid_49,83,20,694971,750525,696978
Grid_50,83.25,20,639765,688824,638422
Grid_51,83.5,20,483136,516507,475098
Grid_52,83.75,20,402183,426687,389648
Grid_53,84,20,550437,592281,549065
Grid_54,84.25,20,542319,582873,539172
Grid_55,84.5,20,1018370,1111820,1047210
Grid_56,84.75,20,1167390,1275680,1200800
Grid_57,85,20,1031660,1118570,1048320
Grid_58,85.25,20,983353,1057910,981976
Grid_59,85.5,20,840351,915880,864258
Grid_60,82,20,572348,618578,574233
Grid_61,82.75,20,807327,874105,812936
Grid_62,83,20,759989,823647,766956
Grid_63,83.25,20,718169,778533,725221
Grid_64,83.5,20,593362,641330,595533
Grid_65,83.75,20,522126,562810,521058
Grid_66,84,20,542756,585190,542058
Grid_67,84.25,20,637207,689713,643072
Grid_68,84.5,20,828912,898998,840404
Grid_69,84.75,20,1010230,1099830,1034230
Grid_70,85,20,1169650,1273660,1199310
Grid_71,85.25,20,1333600,1455030,1374300
Grid_72,85.5,20,1658210,1829510,1759060
Grid_73,85.75,20,1854160,2049870,1976110
Grid_74,86,20,1623620,1780870,1691160
Grid_75,86.25,20,1453490,1587740,1495920
Grid_76,82.5,20,728642,784984,727227
Grid_77,82.75,20,797453,859092,796110
Grid_78,83,20,825683,898272,839177
Grid_79,83.25,20,861246,939649,880002
Grid_80,83.5,20,621437,675429,629830
Grid_81,83.75,20,534156,580537,540914
Grid_82,84,20,537973,582303,541198
Grid_83,84.25,20,494378,534749,496640
Grid_84,84.5,20,698053,751115,694969
Grid_85,84.75,20,744357,801096,742046
Grid_86,85,20,1288000,1401130,1314880
Grid_87,85.25,20,1500580,1633940,1533350
Grid_88,85.5,20,2684030,2981710,2898010
Grid_89,85.75,20,3422120,3818170,3737550
Grid_90,86,20,2590960,2837130,2683350
Grid_91,86.25,20,2803550,3055300,2863060
Grid_92,86.5,20,1109810,1210500,1139830
Grid_93,82.5,20,693707,749677,695993
Grid_94,82.75,20,760776,823563,765830
Grid_95,83,20,841725,915867,855639
Grid_96,83.25,20,882886,963271,902599
Grid_97,83.5,20,807606,880690,824974
Grid_98,83.75,20,749414,816526,764244
Grid_99,84,20,639405,694145,647500
Grid_100,84.25,20,613933,664325,618205
Grid_101,84.5,20,691064,741675,685415
Grid_102,84.75,20,800100,858992,795323
Grid_103,85,20,1164390,1268970,1197710
Grid_104,85.25,20,1436820,1574770,1497370
Grid_105,85.5,20,1999950,2207930,2121940
Grid_106,85.75,20,2316120,2559360,2460850
Grid_107,86,20,2424670,2658480,2519120
Grid_108,86.25,20,2362290,2581470,2430620
Grid_109,86.5,20,1670140,1821820,1712670
Grid_110,86.75,20,1158710,1259920,1179240
Grid_111,82.5,21,702984,762612,710880
Grid_112,82.75,21,682257,738317,685701
Grid_113,83,21,926131,1010830,947329
Grid_114,83.25,21,1015500,1110950,1043490
Grid_115,83.5,21,959537,1048710,984953
Grid_116,83.75,21,975097,1065460,1000470
Grid_117,84,21,675144,734402,686432
Grid_118,84.25,21,568645,616723,574428
Grid_119,84.5,21,676596,719005,658967
Grid_120,84.75,21,681570,715530,648714
Grid_121,85,21,1076110,1175290,1114700
Grid_122,85.25,21,1207540,1325320,1265120
Grid_123,85.5,21,1633870,1798710,1717550
Grid_124,85.75,21,1732040,1909620,1825170
Grid_125,86,21,2506260,2742430,2586240
Grid_126,86.25,21,2844730,3107310,2919440
Grid_127,86.5,21,1930490,2101780,1969410
Grid_128,86.75,21,1829010,1984840,1851510
Grid_129,87,21,516534,562008,526336
Grid_130,82.75,21,817176,888908,829804
Grid_131,83,21,939259,1023170,957072
Grid_132,83.25,21,997868,1089030,1021560
Grid_133,83.5,21,1052550,1153210,1088420
Grid_134,83.75,21,1042270,1143630,1081780
Grid_135,84,21,803734,878024,825857
Grid_136,84.25,21,681778,741205,693298
Grid_137,84.5,21,657676,709004,658508
Grid_138,84.75,21,665538,715194,662580
Grid_139,85,21,824198,894467,838563
Grid_140,85.25,21,1023170,1117670,1056910
Grid_141,85.5,21,1261120,1381640,1309280
Grid_142,85.75,21,1466720,1605450,1518610
Grid_143,86,21,1903330,2077060,1954710
Grid_144,86.25,21,1964560,2139660,2006070
Grid_145,86.5,21,1745420,1902270,1785830
Grid_146,86.75,21,1469450,1602150,1505010
Grid_147,83.25,21,982751,1066850,994246
Grid_148,83.5,21,1239660,1363170,1294430
Grid_149,83.75,21,1397090,1541890,1471470
Grid_150,84,21,832402,911376,859418
Grid_151,84.25,21,707515,773233,726211
Grid_152,84.5,21,600039,651406,608658
Grid_153,84.75,21,523492,567046,528377
Grid_154,85,21,700856,758837,706563
Grid_155,85.25,21,726062,784973,728853
Grid_156,85.5,21,869686,943853,880804
Grid_157,85.75,21,851307,924811,862986
Grid_158,86,21,1492410,1619160,1512830
Grid_159,86.25,21,1658840,1800520,1682500
Grid_160,86.5,21,1666220,1821310,1717400
Grid_161,86.75,21,1713380,1881100,1782750
Grid_162,83.5,22,1020490,1118110,1058670
Grid_163,83.75,22,973694,1069220,1016140
Grid_164,84,22,868690,952522,900790
Grid_165,84.25,22,786414,861980,814325
Grid_166,84.5,22,652016,712059,670153
Grid_167,84.75,22,604922,658968,618281
Grid_168,85,22,658570,716743,671468
Grid_169,85.25,22,716449,778549,728055
Grid_170,85.5,22,850648,921769,858772
Grid_171,85.75,22,999713,1080010,1003380
Grid_172,86,22,1138970,1219080,1125590
Grid_173,86.25,22,1279550,1368530,1263390
Grid_174,86.5,22,1466480,1591780,1490700
Grid_175,86.75,22,1535650,1677300,1580960
Grid_176,87,22,1434410,1565200,1471810
Grid_177,83.75,22,731950,801770,766994
Grid_178,84,22,891941,979733,928579
Grid_179,84.25,22,925342,1017040,962598
Grid_180,84.5,22,623593,683320,645406
Grid_181,84.75,22,483630,526566,492562
Grid_182,85,22,617501,675060,634813
Grid_183,85.25,22,571951,623084,582618
Grid_184,85.5,22,901417,977160,909734
Grid_185,85.75,22,1010160,1093990,1016620
Grid_186,86,22,797005,821716,733381
Grid_187,86.25,22,685886,677136,581130
Grid_188,86.5,22,1364280,1481230,1389050
Grid_189,86.75,22,1534170,1678790,1585880
Grid_190,87,22,2143140,2335310,2189320
Grid_191,87.25,22,2470900,2688360,2512940
Grid_192,83.75,22,759715,832454,788170
Grid_193,84,22,825964,906924,858994
Grid_194,84.25,22,827776,910789,864633
Grid_195,84.5,22,824032,913201,878207
Grid_196,84.75,22,821096,911732,879855
Grid_197,85,22,763379,840841,800568
Grid_198,85.25,22,777019,851400,803881
Grid_199,85.5,22,867577,943032,881687
Grid_200,85.75,22,982497,1059670,985941
Grid_201,86,22,992575,1054120,969913
Grid_202,86.25,22,1101590,1170510,1078390
Grid_203,86.5,22,1383670,1497850,1402460
Grid_204,86.75,22,1644250,1793820,1689570
Grid_205,87,22,2157340,2364610,2235540
Grid_206,84,22,784856,860390,811297
Grid_207,84.25,22,828586,909022,857440
Grid_208,84.5,22,1041460,1165740,1139370
Grid_209,84.75,22,1220020,1375410,1360180
Grid_210,85,22,863620,954130,912597
Grid_211,86,22,1097940,1175200,1089540
Grid_212,86.25,22,1099850,1174620,1082310
Grid_213,86.5,22,1362080,1479030,1387140
Grid_214,84,22,708374,775699,730417
Grid_215,86,22,1469120,1575830,1487490
